insert_date,origin,destination,start_date,end_date,train_type,price,train_class,fare
2019-04-16T09:33:08Z,MADRID,BARCELONA,2019-04-20T16:30:00Z,2019-04-20T19:15:00Z,AVE,107.7,Turista,Flexible
2019-04-21T03:35:28Z,BARCELONA,MADRID,2019-04-26T07:05:00Z,2019-04-26T09:50:00Z,AVE,98,Preferente,Promo
2019-04-12T13:22:19Z,SEVILLA,MADRID,2019-04-18T13:40:00Z,2019-04-18T16:10:00Z,AVE,NA,Turista,Promo
2019-04-12T11:28:16Z,SEVILLA,MADRID,2019-04-17T07:40:00Z,2019-04-17T10:05:00Z,AVE,NA,Turista,Promo
2019-04-14T03:28:28Z,SEVILLA,MADRID,2019-04-28T08:45:00Z,2019-04-28T20:16:00Z,MD,52.5,Turista con enlace,Flexible
2019-04-23T21:05:34Z,VALENCIA,MADRID,2019-04-29T06:38:00Z,2019-04-29T14:20:00Z,REGIONAL,28.35,Turista,Adulto ida
2019-04-13T02:31:10Z,MADRID,BARCELONA,2019-04-29T20:30:00Z,2019-04-29T23:40:00Z,AVE,NA,Turista,Promo
2019-04-18T21:46:42Z,MADRID,BARCELONA,2019-04-29T10:30:00Z,2019-04-29T13:15:00Z,AVE,75.4,Turista,Promo
2019-04-23T06:34:49Z,SEVILLA,MADRID,2019-04-23T16:15:00Z,2019-04-23T18:54:00Z,AVE,NA,Turista,Flexible
2019-04-16T12:26:06Z,VALENCIA,MADRID,2019-04-30T17:10:00Z,2019-04-30T18:50:00Z,AVE,33.65,Turista,Promo
2019-04-21T19:00:26Z,VALENCIA,MADRID,2019-04-28T16:15:00Z,2019-04-28T17:55:00Z,AVE,57.75,Turista,Promo
2019-04-17T17:00:27Z,VALENCIA,MADRID,2019-04-23T06:30:00Z,2019-04-23T08:22:00Z,AVE,66.55,Preferente,Promo
2019-04-26T01:18:41Z,SEVILLA,MADRID,2019-04-30T12:18:00Z,2019-04-30T14:56:00Z,ALVIA,NA,Turista,Promo
2019-04-12T23:23:19Z,MADRID,SEVILLA,2019-04-19T09:00:00Z,2019-04-19T11:38:00Z,AVE,NA,Preferente,Promo
2019-04-21T14:03:00Z,MADRID,SEVILLA,2019-04-25T20:35:00Z,2019-04-25T23:15:00Z,AVE,60.3,Turista,Promo
2019-04-13T12:13:05Z,MADRID,SEVILLA,2019-04-18T12:00:00Z,2019-04-18T14:32:00Z,AVE,NA,Turista con enlace,Flexible
2019-04-18T07:05:19Z,BARCELONA,MADRID,2019-04-29T18:25:00Z,2019-04-29T20:55:00Z,AVE,68.65,Turista,Promo
2019-04-28T03:38:03Z,VALENCIA,MADRID,2019-04-30T15:10:00Z,2019-04-30T17:03:00Z,AVE,51.15,Turista,Promo
2019-04-23T21:34:08Z,MADRID,SEVILLA,2019-04-24T10:00:00Z,2019-04-24T12:32:00Z,AVE,76.3,Turista,Flexible
2019-04-20T13:08:41Z,MADRID,BARCELONA,2019-04-24T16:30:00Z,2019-04-24T19:15:00Z,AVE,129.3,Turista Plus,Flexible
2019-04-19T10:09:54Z,MADRID,BARCELONA,2019-04-22T15:00:00Z,2019-04-22T17:30:00Z,AVE,214.2,Preferente,Flexible
2019-04-27T13:05:18Z,MADRID,SEVILLA,2019-04-29T09:00:00Z,2019-04-29T11:38:00Z,AVE,76.3,Turista,Flexible
2019-04-16T15:26:11Z,MADRID,BARCELONA,2019-04-29T20:30:00Z,2019-04-29T23:40:00Z,AVE,58.15,Turista,Promo
2019-04-21T08:53:40Z,BARCELONA,MADRID,2019-04-30T12:00:00Z,2019-04-30T15:10:00Z,AVE,85.1,Turista,Promo
2019-04-13T08:14:16Z,MADRID,SEVILLA,2019-04-21T08:30:00Z,2019-04-21T11:14:00Z,ALVIA,NA,Turista,Flexible
2019-04-15T21:13:47Z,MADRID,VALENCIA,2019-04-30T14:10:00Z,2019-04-30T16:03:00Z,AVE,45.3,Turista,Promo
2019-04-15T05:34:31Z,MADRID,BARCELONA,2019-04-19T18:30:00Z,2019-04-19T21:20:00Z,AVE,85.1,Turista,Promo
2019-04-24T08:11:20Z,BARCELONA,MADRID,2019-04-26T08:00:00Z,2019-04-26T11:10:00Z,AVE,75.4,Turista,Promo
2019-04-17T18:24:19Z,MADRID,PONFERRADA,2019-04-29T22:14:00Z,2019-04-30T04:31:00Z,TRENHOTEL,45.8,Turista,Flexible
2019-04-28T09:26:18Z,MADRID,VALENCIA,2019-04-29T20:40:00Z,2019-04-29T22:24:00Z,AVE,73.1,Turista,Flexible
2019-04-16T16:08:08Z,MADRID,VALENCIA,2019-04-20T19:40:00Z,2019-04-20T21:29:00Z,AVE,51.15,Turista,Promo
2019-04-14T00:19:37Z,SEVILLA,MADRID,2019-04-18T07:00:00Z,2019-04-18T10:02:00Z,AV City,49.15,Turista,Promo
2019-04-17T07:45:34Z,MADRID,BARCELONA,2019-04-18T12:30:00Z,2019-04-18T15:30:00Z,AVE,107.7,Turista,Flexible
2019-04-15T20:26:28Z,VALENCIA,MADRID,2019-04-24T07:40:00Z,2019-04-24T09:20:00Z,AVE,NA,Preferente,Promo
2019-04-12T12:09:59Z,MADRID,BARCELONA,2019-04-19T15:30:00Z,2019-04-19T18:40:00Z,AVE,NA,Preferente,Promo
2019-04-26T09:43:12Z,MADRID,BARCELONA,2019-04-30T20:30:00Z,2019-04-30T23:40:00Z,AVE,107.7,Turista,Flexible
2019-04-12T11:29:05Z,SEVILLA,MADRID,2019-04-20T08:45:00Z,2019-04-20T11:15:00Z,AVE,NA,Turista,Flexible
2019-04-19T17:10:15Z,MADRID,SEVILLA,2019-04-23T07:30:00Z,2019-04-23T09:51:00Z,AVE,76.3,Turista,Flexible
2019-04-16T09:30:18Z,VALENCIA,MADRID,2019-04-28T15:10:00Z,2019-04-28T17:03:00Z,AVE,57.75,Turista,Promo
2019-04-20T00:07:15Z,MADRID,BARCELONA,2019-04-30T08:20:00Z,2019-04-30T11:05:00Z,AVE,75.4,Turista,Promo
2019-04-23T11:26:00Z,VALENCIA,MADRID,2019-04-24T19:10:00Z,2019-04-24T20:50:00Z,AVE,57.75,Turista,Promo
2019-04-24T04:09:41Z,BARCELONA,MADRID,2019-04-28T18:00:00Z,2019-04-28T21:10:00Z,AVE,107.7,Turista,Flexible
2019-04-20T12:21:15Z,BARCELONA,MADRID,2019-04-25T06:05:00Z,2019-04-25T09:15:00Z,AVE,80.15,Turista Plus,Promo
2019-04-21T08:06:34Z,BARCELONA,MADRID,2019-04-30T18:25:00Z,2019-04-30T20:55:00Z,AVE,68.65,Turista,Promo
2019-04-29T13:46:26Z,MADRID,BARCELONA,2019-04-29T19:30:00Z,2019-04-29T22:40:00Z,AVE,90.5,Turista Plus,Promo
2019-04-16T02:06:22Z,VALENCIA,MADRID,2019-04-20T09:00:00Z,2019-04-20T11:33:00Z,ALVIA,NA,Turista,Flexible
2019-04-13T03:31:19Z,MADRID,VALENCIA,2019-04-28T09:40:00Z,2019-04-28T11:24:00Z,AVE,NA,Turista,Promo
2019-04-15T01:17:45Z,MADRID,BARCELONA,2019-04-30T07:20:00Z,2019-04-30T09:50:00Z,AVE,58.45,Turista,Promo
2019-04-17T19:32:22Z,PONFERRADA,MADRID,2019-04-22T11:44:00Z,2019-04-22T16:00:00Z,MD-LD,NA,NA,NA
2019-04-14T10:20:04Z,SEVILLA,MADRID,2019-04-17T19:19:00Z,2019-04-17T21:59:00Z,INTERCITY,62.2,Turista,Flexible
2019-04-14T07:22:55Z,MADRID,SEVILLA,2019-04-29T17:00:00Z,2019-04-29T19:38:00Z,AVE,53.4,Turista,Promo
2019-04-12T13:28:48Z,MADRID,BARCELONA,2019-04-23T14:30:00Z,2019-04-23T17:21:00Z,AVE,NA,Turista,Flexible
2019-04-19T21:27:36Z,MADRID,VALENCIA,2019-04-26T12:40:00Z,2019-04-26T14:20:00Z,AVE,51.15,Turista,Promo
2019-04-15T16:32:18Z,SEVILLA,MADRID,2019-04-29T14:45:00Z,2019-04-29T17:15:00Z,AVE,47.3,Turista,Promo
2019-04-18T06:46:37Z,MADRID,BARCELONA,2019-04-29T13:25:00Z,2019-04-29T16:24:00Z,AVE-TGV,102.15,Turista Plus,Promo
2019-04-19T06:41:10Z,MADRID,VALENCIA,2019-04-25T21:10:00Z,2019-04-25T23:03:00Z,AVE,66.55,Preferente,Promo
2019-04-15T19:05:20Z,BARCELONA,MADRID,2019-04-19T18:00:00Z,2019-04-19T21:10:00Z,AVE,NA,Preferente,Promo
2019-04-25T09:14:43Z,MADRID,BARCELONA,2019-04-28T09:30:00Z,2019-04-28T12:34:00Z,AVE,90.5,Turista Plus,Promo
2019-04-16T21:05:17Z,BARCELONA,MADRID,2019-04-30T05:50:00Z,2019-04-30T08:20:00Z,AVE,49.55,Turista,Promo
2019-04-18T12:43:31Z,VALENCIA,MADRID,2019-04-24T06:30:00Z,2019-04-24T08:22:00Z,AVE,66.55,Preferente,Promo
2019-04-17T16:15:27Z,MADRID,BARCELONA,2019-04-23T20:00:00Z,2019-04-23T22:30:00Z,AVE,78.8,Turista,Promo
2019-04-22T00:34:42Z,MADRID,BARCELONA,2019-04-29T07:20:00Z,2019-04-29T09:50:00Z,AVE,127.1,Turista,Flexible
2019-04-16T18:43:00Z,MADRID,BARCELONA,2019-04-29T07:30:00Z,2019-04-29T10:40:00Z,AVE,85.1,Turista,Promo
2019-04-24T06:39:53Z,MADRID,BARCELONA,2019-04-30T15:30:00Z,2019-04-30T18:40:00Z,AVE,107.7,Turista,Flexible
2019-04-15T16:04:49Z,MADRID,BARCELONA,2019-04-18T21:25:00Z,2019-04-18T23:55:00Z,AVE,66.75,Turista,Promo
2019-04-14T14:27:55Z,BARCELONA,MADRID,2019-04-30T16:00:00Z,2019-04-30T19:10:00Z,AVE,80.15,Turista Plus,Promo
2019-04-13T00:00:47Z,MADRID,VALENCIA,2019-04-21T08:40:00Z,2019-04-21T10:33:00Z,AVE,NA,Turista,Promo
2019-04-22T05:26:01Z,MADRID,VALENCIA,2019-04-29T10:40:00Z,2019-04-29T12:20:00Z,AVE,57.75,Turista,Promo
2019-04-16T14:14:52Z,MADRID,PONFERRADA,2019-04-29T22:14:00Z,2019-04-30T04:31:00Z,TRENHOTEL,45.8,Turista,Flexible
2019-04-17T20:37:16Z,PONFERRADA,MADRID,2019-04-21T18:55:00Z,2019-04-21T23:03:00Z,ALVIA,55.8,Turista,Flexible
2019-04-12T06:17:52Z,MADRID,BARCELONA,2019-04-28T10:30:00Z,2019-04-28T13:15:00Z,AVE,85.1,Turista,Promo
2019-04-17T21:16:56Z,SEVILLA,MADRID,2019-04-29T14:58:00Z,2019-04-29T17:50:00Z,ALVIA,67.2,Turista,Flexible
2019-04-21T09:18:29Z,BARCELONA,MADRID,2019-04-21T16:25:00Z,2019-04-21T18:55:00Z,AVE,214.2,Preferente,Flexible
2019-04-16T04:33:19Z,MADRID,VALENCIA,2019-04-16T12:40:00Z,2019-04-16T14:20:00Z,AVE,51.15,Turista,Promo
2019-04-13T06:09:03Z,MADRID,BARCELONA,2019-04-28T14:00:00Z,2019-04-28T16:30:00Z,AVE,NA,Turista,Promo
2019-04-21T10:07:00Z,MADRID,SEVILLA,2019-04-25T13:10:00Z,2019-04-25T20:51:00Z,MD-LD,34.35,Turista con enlace,Promo +
2019-04-15T22:37:24Z,BARCELONA,MADRID,2019-04-23T21:15:00Z,2019-04-24T00:02:00Z,AVE,181.5,Preferente,Flexible
2019-04-22T20:31:39Z,MADRID,VALENCIA,2019-04-27T16:30:00Z,2019-04-27T22:47:00Z,REGIONAL,28.35,Turista,Adulto ida
2019-04-22T02:34:23Z,SEVILLA,MADRID,2019-04-29T20:36:00Z,2019-04-29T23:14:00Z,ALVIA,67.2,Turista,Flexible
2019-04-14T12:40:26Z,MADRID,BARCELONA,2019-04-25T16:00:00Z,2019-04-25T18:30:00Z,AVE,88.95,Turista,Promo
2019-04-13T14:32:03Z,MADRID,VALENCIA,2019-04-13T19:40:00Z,2019-04-13T21:29:00Z,AVE,73.1,Turista,Flexible
2019-04-22T07:06:34Z,MADRID,BARCELONA,2019-04-30T17:00:00Z,2019-04-30T19:30:00Z,AVE,94.55,Turista Plus,Promo
2019-04-18T02:34:42Z,MADRID,SEVILLA,2019-04-25T08:00:00Z,2019-04-25T10:32:00Z,AVE,69.4,Preferente,Promo
2019-04-12T13:29:04Z,MADRID,BARCELONA,2019-04-22T16:30:00Z,2019-04-22T19:15:00Z,AVE,NA,Turista,Flexible
2019-04-23T11:13:48Z,MADRID,PONFERRADA,2019-04-27T12:20:00Z,2019-04-27T18:52:00Z,LD-MD,34.35,Turista con enlace,Promo +
2019-04-12T23:15:10Z,MADRID,BARCELONA,2019-04-23T18:30:00Z,2019-04-23T21:20:00Z,AVE,NA,Turista,Flexible
2019-04-16T13:14:37Z,MADRID,BARCELONA,2019-04-21T17:30:00Z,2019-04-21T20:40:00Z,AVE,98,Preferente,Promo
2019-04-19T04:41:48Z,BARCELONA,MADRID,2019-04-27T06:05:00Z,2019-04-27T09:15:00Z,AVE,85.1,Turista,Promo
2019-04-18T12:11:55Z,MADRID,BARCELONA,2019-04-25T20:30:00Z,2019-04-25T23:40:00Z,AVE,107.7,Turista,Flexible
2019-04-14T00:12:33Z,MADRID,SEVILLA,2019-04-27T09:45:00Z,2019-04-27T12:27:00Z,INTERCITY,62.2,Turista,Flexible
2019-04-23T08:23:50Z,SEVILLA,MADRID,2019-04-30T09:50:00Z,2019-04-30T12:36:00Z,ALVIA,NA,Turista,Promo
2019-04-17T18:30:18Z,MADRID,SEVILLA,2019-04-26T19:00:00Z,2019-04-26T21:38:00Z,AVE,76.3,Turista,Flexible
2019-04-22T17:15:50Z,SEVILLA,MADRID,2019-04-24T14:58:00Z,2019-04-24T17:50:00Z,ALVIA,NA,Turista,Flexible
2019-04-19T05:05:10Z,MADRID,SEVILLA,2019-04-20T11:05:00Z,2019-04-20T13:41:00Z,ALVIA,67.2,Turista,Flexible
2019-04-18T12:44:39Z,MADRID,VALENCIA,2019-04-22T14:10:00Z,2019-04-22T16:03:00Z,AVE,66.55,Preferente,Promo
2019-04-14T21:26:31Z,MADRID,BARCELONA,2019-04-16T07:15:00Z,2019-04-16T16:37:00Z,R. EXPRES,43.25,Turista,Adulto ida
2019-04-17T06:26:25Z,SEVILLA,MADRID,2019-04-30T19:19:00Z,2019-04-30T21:59:00Z,INTERCITY,62.2,Turista,Flexible
2019-04-20T08:36:05Z,SEVILLA,MADRID,2019-04-21T16:45:00Z,2019-04-21T19:17:00Z,AVE,76.3,Turista,Flexible
2019-04-12T00:00:28Z,MADRID,VALENCIA,2019-04-29T12:21:00Z,2019-04-29T19:04:00Z,REGIONAL,28.35,Turista,Adulto ida
2019-04-13T10:18:28Z,SEVILLA,MADRID,2019-04-23T17:45:00Z,2019-04-23T20:17:00Z,AVE,NA,Turista,Flexible
2019-04-14T14:14:55Z,MADRID,SEVILLA,2019-04-30T11:00:00Z,2019-04-30T13:32:00Z,AVE,60.3,Turista,Promo
2019-04-11T21:54:33Z,MADRID,VALENCIA,2019-04-14T18:40:00Z,2019-04-14T20:20:00Z,AVE,73.1,Turista,Flexible
2019-04-14T05:06:46Z,MADRID,BARCELONA,2019-04-30T07:15:00Z,2019-04-30T16:37:00Z,R. EXPRES,43.25,Turista,Adulto ida
2019-04-27T05:19:13Z,MADRID,VALENCIA,2019-04-27T10:40:00Z,2019-04-27T12:20:00Z,AVE,57.75,Turista,Promo
2019-04-22T22:15:59Z,VALENCIA,MADRID,2019-04-24T09:50:00Z,2019-04-24T17:28:00Z,REGIONAL,28.35,Turista,Adulto ida
2019-04-14T04:54:10Z,SEVILLA,MADRID,2019-04-15T08:35:00Z,2019-04-15T15:26:00Z,LD-MD,34.35,Turista con enlace,Promo +
2019-04-15T09:23:57Z,MADRID,PONFERRADA,2019-04-30T17:30:00Z,2019-04-30T21:33:00Z,ALVIA,55.8,Turista,Flexible
2019-04-16T09:30:28Z,VALENCIA,MADRID,2019-04-17T19:10:00Z,2019-04-17T20:50:00Z,AVE,66.55,Preferente,Promo
2019-04-13T06:22:22Z,SEVILLA,MADRID,2019-04-16T10:45:00Z,2019-04-16T13:17:00Z,AVE,NA,Turista,Promo
2019-04-25T01:14:43Z,SEVILLA,MADRID,2019-04-29T12:18:00Z,2019-04-29T14:56:00Z,ALVIA,NA,Turista,Promo
2019-04-20T16:11:02Z,BARCELONA,MADRID,2019-04-25T06:05:00Z,2019-04-25T09:15:00Z,AVE,80.15,Turista Plus,Promo
2019-04-17T05:00:27Z,MADRID,SEVILLA,2019-04-25T16:30:00Z,2019-04-25T18:51:00Z,AVE,60.3,Turista,Promo
2019-04-17T14:16:25Z,SEVILLA,MADRID,2019-04-26T07:40:00Z,2019-04-26T10:05:00Z,AVE,69.4,Preferente,Promo
2019-04-23T21:03:02Z,BARCELONA,MADRID,2019-04-26T15:00:00Z,2019-04-26T17:45:00Z,AVE,107.7,Turista,Flexible
2019-04-23T20:41:27Z,MADRID,PONFERRADA,2019-04-28T22:14:00Z,2019-04-29T04:31:00Z,TRENHOTEL,45.8,Turista,Flexible
2019-04-12T09:14:16Z,MADRID,SEVILLA,2019-04-26T18:00:00Z,2019-04-26T20:32:00Z,AVE,128.5,Preferente,Flexible
2019-04-16T22:21:43Z,BARCELONA,MADRID,2019-04-28T10:00:00Z,2019-04-28T13:10:00Z,AVE,75.4,Turista,Promo
2019-04-20T19:34:54Z,MADRID,VALENCIA,2019-04-28T19:40:00Z,2019-04-28T21:29:00Z,AVE,66.55,Preferente,Promo
2019-04-21T19:25:07Z,MADRID,SEVILLA,2019-04-23T13:30:00Z,2019-04-23T16:05:00Z,ALVIA,NA,Turista,Promo
2019-04-20T13:00:47Z,MADRID,BARCELONA,2019-04-22T13:25:00Z,2019-04-22T16:24:00Z,AVE-TGV,NA,Turista,Flexible
2019-04-23T18:38:26Z,VALENCIA,MADRID,2019-04-26T06:20:00Z,2019-04-26T10:36:00Z,INTERCITY,NA,Preferente,Promo
2019-04-11T22:34:27Z,MADRID,BARCELONA,2019-04-20T19:30:00Z,2019-04-20T22:40:00Z,AVE,86.8,Preferente,Promo
2019-04-22T01:34:35Z,SEVILLA,MADRID,2019-04-22T14:58:00Z,2019-04-22T17:50:00Z,ALVIA,NA,Turista,Flexible
2019-04-17T13:02:55Z,MADRID,SEVILLA,2019-04-30T11:00:00Z,2019-04-30T13:32:00Z,AVE,60.3,Turista,Promo
2019-04-18T09:47:24Z,BARCELONA,MADRID,2019-04-27T21:15:00Z,2019-04-28T00:02:00Z,AVE,66.75,Turista,Promo
2019-04-19T09:40:47Z,MADRID,BARCELONA,2019-04-28T20:30:00Z,2019-04-28T23:40:00Z,AVE,102.15,Turista Plus,Promo
2019-04-16T20:46:29Z,MADRID,BARCELONA,2019-04-17T20:30:00Z,2019-04-17T23:40:00Z,AVE,181.5,Preferente,Flexible
2019-04-18T03:30:12Z,MADRID,VALENCIA,2019-04-27T11:55:00Z,2019-04-27T13:35:00Z,AVE,57.75,Turista,Promo
2019-04-15T11:08:25Z,VALENCIA,MADRID,2019-04-29T14:50:00Z,2019-04-29T22:30:00Z,REGIONAL,28.35,Turista,Adulto ida
2019-04-15T15:21:26Z,BARCELONA,MADRID,2019-04-16T19:00:00Z,2019-04-16T22:00:00Z,AVE,102.15,Turista Plus,Promo
2019-04-15T16:16:45Z,BARCELONA,MADRID,2019-04-29T06:40:00Z,2019-04-29T09:25:00Z,AVE,69.8,Turista Plus,Promo
2019-04-17T16:42:54Z,MADRID,VALENCIA,2019-04-22T18:40:00Z,2019-04-22T20:20:00Z,AVE,73.1,Turista,Flexible
2019-04-18T17:18:58Z,SEVILLA,MADRID,2019-04-22T07:40:00Z,2019-04-22T10:05:00Z,AVE,NA,Turista,Flexible
2019-04-15T10:01:04Z,SEVILLA,MADRID,2019-04-28T20:36:00Z,2019-04-28T23:14:00Z,ALVIA,NA,Turista,Flexible
2019-04-16T10:41:33Z,MADRID,SEVILLA,2019-04-21T07:00:00Z,2019-04-21T09:55:00Z,AV City,58.95,Turista Plus,Promo
2019-04-16T16:09:13Z,MADRID,VALENCIA,2019-04-19T17:40:00Z,2019-04-19T19:20:00Z,AVE,57.75,Turista,Promo
2019-04-13T19:09:34Z,SEVILLA,MADRID,2019-04-27T13:40:00Z,2019-04-27T16:10:00Z,AVE,53.4,Turista,Promo
2019-04-23T22:31:27Z,BARCELONA,MADRID,2019-04-29T06:05:00Z,2019-04-29T09:15:00Z,AVE,102.15,Turista Plus,Promo
2019-04-26T17:22:21Z,MADRID,VALENCIA,2019-04-29T11:10:00Z,2019-04-29T13:25:00Z,INTERCITY,55.4,Turista,Flexible
2019-04-22T04:26:11Z,SEVILLA,MADRID,2019-04-26T14:58:00Z,2019-04-26T17:50:00Z,ALVIA,NA,Turista,Flexible
2019-04-21T10:25:42Z,SEVILLA,MADRID,2019-04-21T14:58:00Z,2019-04-21T17:50:00Z,ALVIA,NA,Turista,Flexible
2019-04-23T22:38:27Z,MADRID,SEVILLA,2019-04-26T16:30:00Z,2019-04-26T18:55:00Z,AVE,NA,Turista,Flexible
2019-04-22T19:21:29Z,SEVILLA,MADRID,2019-04-23T07:15:00Z,2019-04-23T09:55:00Z,AVE,76.3,Turista,Flexible
2019-04-11T23:44:49Z,MADRID,SEVILLA,2019-04-24T21:25:00Z,2019-04-25T00:10:00Z,AV City,38.55,Turista,Promo
2019-04-14T03:49:20Z,MADRID,BARCELONA,2019-04-17T08:00:00Z,2019-04-17T10:30:00Z,AVE,NA,Turista,Promo
2019-04-20T02:03:26Z,BARCELONA,MADRID,2019-04-23T08:25:00Z,2019-04-23T10:55:00Z,AVE,100.4,Turista,Promo
2019-04-22T11:33:46Z,BARCELONA,MADRID,2019-04-27T06:05:00Z,2019-04-27T09:15:00Z,AVE,85.1,Turista,Promo
2019-04-17T08:04:22Z,BARCELONA,MADRID,2019-04-22T13:25:00Z,2019-04-22T16:10:00Z,AVE,107.7,Turista,Flexible
2019-04-18T04:20:25Z,MADRID,BARCELONA,2019-04-29T14:00:00Z,2019-04-29T16:30:00Z,AVE,88.95,Turista,Promo
2019-04-16T17:46:17Z,SEVILLA,MADRID,2019-04-26T14:58:00Z,2019-04-26T17:50:00Z,ALVIA,NA,Turista,Flexible
2019-04-24T10:40:00Z,MADRID,VALENCIA,2019-04-28T11:10:00Z,2019-04-28T13:25:00Z,INTERCITY,55.4,Turista,Flexible
2019-04-20T05:00:25Z,SEVILLA,MADRID,2019-04-29T06:45:00Z,2019-04-29T09:15:00Z,AVE,76.3,Turista,Flexible
2019-04-19T07:06:49Z,VALENCIA,MADRID,2019-04-24T17:10:00Z,2019-04-24T18:50:00Z,AVE,66.55,Preferente,Promo
2019-04-17T06:20:46Z,VALENCIA,MADRID,2019-04-28T18:10:00Z,2019-04-28T19:57:00Z,AVE,45.3,Turista,Promo
2019-04-16T07:01:49Z,SEVILLA,MADRID,2019-04-21T14:45:00Z,2019-04-21T17:15:00Z,AVE,76.3,Turista,Flexible
2019-04-11T22:45:59Z,MADRID,BARCELONA,2019-04-20T10:30:00Z,2019-04-20T13:15:00Z,AVE,75.4,Turista,Promo
2019-04-15T05:04:55Z,MADRID,PONFERRADA,2019-04-25T12:20:00Z,2019-04-25T18:52:00Z,LD-MD,34.35,Turista con enlace,Promo +
2019-04-15T16:32:31Z,SEVILLA,MADRID,2019-04-30T21:00:00Z,2019-04-30T23:52:00Z,AV City,43.55,Turista,Promo
2019-04-15T06:15:00Z,MADRID,BARCELONA,2019-04-23T16:00:00Z,2019-04-23T18:30:00Z,AVE,127.1,Turista,Flexible
2019-04-13T19:13:18Z,SEVILLA,MADRID,2019-04-13T21:00:00Z,2019-04-13T23:52:00Z,AV City,49.15,Turista,Promo
2019-04-16T08:31:02Z,MADRID,BARCELONA,2019-04-17T14:30:00Z,2019-04-17T17:21:00Z,AVE,NA,Turista,Promo
2019-04-14T12:17:24Z,MADRID,VALENCIA,2019-04-21T11:55:00Z,2019-04-21T13:35:00Z,AVE,45.3,Turista,Promo
2019-04-22T04:13:19Z,BARCELONA,MADRID,2019-04-27T07:05:00Z,2019-04-27T09:50:00Z,AVE,75.4,Turista,Promo
2019-04-20T03:48:15Z,MADRID,VALENCIA,2019-04-29T16:05:00Z,2019-04-29T22:47:00Z,REGIONAL,28.35,Turista,Adulto ida
2019-04-15T05:13:44Z,MADRID,VALENCIA,2019-04-19T15:30:00Z,2019-04-19T22:31:00Z,AVE-MD,NA,Turista con enlace,Flexible
2019-04-16T07:28:37Z,BARCELONA,MADRID,2019-04-24T12:50:00Z,2019-04-24T15:45:00Z,AVE-TGV,102.15,Turista Plus,Promo
2019-04-25T19:20:17Z,MADRID,SEVILLA,2019-04-28T19:30:00Z,2019-04-28T22:05:00Z,AVE,76.3,Turista,Flexible
2019-04-19T16:48:46Z,MADRID,BARCELONA,2019-04-25T17:30:00Z,2019-04-25T20:40:00Z,AVE,181.5,Preferente,Flexible
2019-04-14T13:15:40Z,MADRID,VALENCIA,2019-04-18T15:10:00Z,2019-04-18T16:52:00Z,AVE,57.75,Turista,Promo
2019-04-16T21:21:18Z,MADRID,BARCELONA,2019-04-27T09:30:00Z,2019-04-27T12:34:00Z,AVE,107.7,Turista,Flexible
2019-04-12T11:14:40Z,MADRID,BARCELONA,2019-04-26T07:30:00Z,2019-04-26T10:40:00Z,AVE,NA,Preferente,Promo
2019-04-27T19:25:58Z,SEVILLA,MADRID,2019-04-30T10:45:00Z,2019-04-30T13:17:00Z,AVE,60.3,Turista,Promo
2019-04-21T07:06:59Z,VALENCIA,MADRID,2019-04-23T06:20:00Z,2019-04-23T10:36:00Z,INTERCITY,42.9,Turista,Flexible
2019-04-20T03:48:15Z,MADRID,VALENCIA,2019-04-29T20:40:00Z,2019-04-29T22:24:00Z,AVE,57.75,Turista,Promo
2019-04-18T11:18:09Z,VALENCIA,MADRID,2019-04-25T14:10:00Z,2019-04-25T15:48:00Z,AVE,45.3,Turista,Promo
2019-04-25T09:20:32Z,BARCELONA,MADRID,2019-04-25T12:00:00Z,2019-04-25T15:10:00Z,AVE,75.4,Turista,Promo
2019-04-24T01:24:51Z,VALENCIA,MADRID,2019-04-24T16:15:00Z,2019-04-24T17:55:00Z,AVE,66.55,Preferente,Promo
2019-04-16T18:24:33Z,VALENCIA,MADRID,2019-04-18T20:15:00Z,2019-04-18T21:55:00Z,AVE,66.55,Preferente,Promo
2019-04-19T06:43:13Z,MADRID,VALENCIA,2019-04-21T16:45:00Z,2019-04-21T18:50:00Z,ALVIA,46.15,Preferente,Promo
2019-04-14T19:14:06Z,SEVILLA,MADRID,2019-04-15T06:10:00Z,2019-04-15T08:58:00Z,AV City,NA,Turista,Flexible
2019-04-23T06:28:47Z,MADRID,SEVILLA,2019-04-29T12:00:00Z,2019-04-29T14:32:00Z,AVE,60.3,Turista,Promo
2019-04-23T01:08:18Z,BARCELONA,MADRID,2019-04-27T06:05:00Z,2019-04-27T09:15:00Z,AVE,86.8,Preferente,Promo
2019-04-12T13:19:39Z,SEVILLA,MADRID,2019-04-28T12:40:00Z,2019-04-28T15:23:00Z,AVE,NA,Turista,Flexible
2019-04-22T12:44:42Z,BARCELONA,MADRID,2019-04-24T16:25:00Z,2019-04-24T18:55:00Z,AVE,88.95,Turista,Promo
2019-04-15T07:18:00Z,VALENCIA,MADRID,2019-04-17T09:40:00Z,2019-04-17T11:20:00Z,AVE,51.15,Turista,Promo
2019-04-22T15:12:06Z,BARCELONA,MADRID,2019-04-25T06:40:00Z,2019-04-25T09:25:00Z,AVE,90.5,Turista Plus,Promo
2019-04-25T01:26:21Z,MADRID,VALENCIA,2019-04-29T12:40:00Z,2019-04-29T14:20:00Z,AVE,66.55,Preferente,Promo
2019-04-16T05:17:57Z,BARCELONA,MADRID,2019-04-25T13:25:00Z,2019-04-25T16:10:00Z,AVE,66.75,Turista,Promo
2019-04-12T09:02:08Z,MADRID,BARCELONA,2019-04-16T07:15:00Z,2019-04-16T16:37:00Z,R. EXPRES,43.25,Turista,Adulto ida
2019-04-17T19:40:20Z,MADRID,VALENCIA,2019-04-20T08:40:00Z,2019-04-20T10:33:00Z,AVE,45.3,Turista,Promo
2019-04-21T08:01:07Z,MADRID,BARCELONA,2019-04-27T10:30:00Z,2019-04-27T13:15:00Z,AVE,80.15,Turista Plus,Promo
2019-04-29T01:41:07Z,MADRID,SEVILLA,2019-04-28T13:00:00Z,2019-04-28T15:40:00Z,AVE,69.4,Preferente,Promo
2019-04-20T00:38:48Z,SEVILLA,MADRID,2019-04-28T12:40:00Z,2019-04-28T15:23:00Z,AVE,76.3,Turista,Flexible
2019-04-15T22:37:38Z,BARCELONA,MADRID,2019-04-21T09:03:00Z,2019-04-21T18:07:00Z,R. EXPRES,43.25,Turista,Adulto ida
2019-04-13T18:28:44Z,MADRID,SEVILLA,2019-04-22T20:35:00Z,2019-04-22T23:15:00Z,AVE,47.3,Turista,Promo
2019-04-17T16:20:59Z,MADRID,BARCELONA,2019-04-28T18:30:00Z,2019-04-28T21:20:00Z,AVE,102.15,Turista Plus,Promo
2019-04-13T20:01:33Z,MADRID,BARCELONA,2019-04-29T16:00:00Z,2019-04-29T18:30:00Z,AVE,78.8,Turista,Promo
2019-04-17T14:16:40Z,SEVILLA,MADRID,2019-04-23T14:58:00Z,2019-04-23T17:50:00Z,ALVIA,NA,Turista,Flexible
2019-04-12T17:25:21Z,MADRID,SEVILLA,2019-04-28T20:00:00Z,2019-04-28T22:21:00Z,AVE,NA,Turista,Promo
2019-04-13T18:25:04Z,SEVILLA,MADRID,2019-04-16T08:45:00Z,2019-04-16T11:15:00Z,AVE,53.4,Turista,Promo
2019-04-18T12:19:56Z,BARCELONA,MADRID,2019-04-21T14:00:00Z,2019-04-21T17:10:00Z,AVE,107.7,Turista,Flexible
2019-04-30T13:28:57Z,MADRID,BARCELONA,2019-04-30T19:00:00Z,2019-04-30T21:30:00Z,AVE,NA,Turista,Flexible
2019-04-18T13:46:00Z,MADRID,BARCELONA,2019-04-20T07:30:00Z,2019-04-20T10:40:00Z,AVE,75.4,Turista,Promo
2019-04-22T04:13:19Z,BARCELONA,MADRID,2019-04-27T15:00:00Z,2019-04-27T17:45:00Z,AVE,58.15,Turista,Promo
2019-04-21T05:52:32Z,MADRID,PONFERRADA,2019-04-29T22:14:00Z,2019-04-30T04:31:00Z,TRENHOTEL,45.8,Turista,Flexible
2019-04-23T07:14:23Z,BARCELONA,MADRID,2019-04-27T20:00:00Z,2019-04-27T23:10:00Z,AVE,58.15,Turista,Promo
2019-04-18T21:36:06Z,SEVILLA,MADRID,2019-04-23T07:15:00Z,2019-04-23T09:55:00Z,AVE,76.3,Turista,Flexible
2019-04-13T21:03:45Z,MADRID,BARCELONA,2019-04-20T15:30:00Z,2019-04-20T18:40:00Z,AVE,107.7,Turista,Flexible
2019-04-12T23:42:16Z,SEVILLA,MADRID,2019-04-16T12:40:00Z,2019-04-16T15:23:00Z,AVE,NA,Turista,Promo
2019-04-21T16:13:10Z,BARCELONA,MADRID,2019-04-25T06:05:00Z,2019-04-25T09:15:00Z,AVE,80.15,Turista Plus,Promo
2019-04-18T19:26:53Z,MADRID,VALENCIA,2019-04-21T16:45:00Z,2019-04-21T18:50:00Z,ALVIA,46.15,Preferente,Promo
2019-04-20T16:33:18Z,VALENCIA,MADRID,2019-04-22T10:40:00Z,2019-04-22T12:32:00Z,AVE,86.25,Preferente,Promo
2019-04-20T11:09:22Z,MADRID,BARCELONA,2019-04-29T06:10:00Z,2019-04-29T08:40:00Z,AVE,98,Preferente,Promo
2019-04-19T17:23:08Z,MADRID,VALENCIA,2019-04-20T11:10:00Z,2019-04-20T13:25:00Z,INTERCITY,43.75,Turista,Promo
2019-04-23T11:29:10Z,MADRID,BARCELONA,2019-04-30T14:00:00Z,2019-04-30T16:30:00Z,AVE,88.95,Turista,Promo
2019-04-27T09:13:28Z,BARCELONA,MADRID,2019-04-30T07:40:00Z,2019-04-30T10:10:00Z,AVE,68.65,Turista,Promo
2019-04-21T20:08:30Z,BARCELONA,MADRID,2019-04-24T07:40:00Z,2019-04-24T10:10:00Z,AVE,NA,Preferente,Flexible
2019-04-16T18:45:47Z,MADRID,SEVILLA,2019-04-18T10:00:00Z,2019-04-18T12:32:00Z,AVE,76.3,Turista,Flexible
2019-04-20T16:36:56Z,SEVILLA,MADRID,2019-04-24T08:45:00Z,2019-04-24T11:15:00Z,AVE,76.3,Turista,Flexible
2019-04-19T20:41:55Z,MADRID,BARCELONA,2019-04-28T13:25:00Z,2019-04-28T16:24:00Z,AVE-TGV,181.5,Preferente,Flexible
2019-04-14T17:19:09Z,MADRID,VALENCIA,2019-04-26T06:08:00Z,2019-04-26T12:55:00Z,REGIONAL,28.35,Turista,Adulto ida
2019-04-18T00:04:14Z,BARCELONA,MADRID,2019-04-26T15:25:00Z,2019-04-26T17:55:00Z,AVE,127.1,Turista,Flexible
2019-04-13T14:11:10Z,MADRID,SEVILLA,2019-04-22T17:00:00Z,2019-04-22T19:38:00Z,AVE,53.4,Turista,Promo
2019-04-11T22:10:07Z,MADRID,BARCELONA,2019-04-29T16:00:00Z,2019-04-29T18:30:00Z,AVE,78.8,Turista,Promo
2019-04-23T14:15:51Z,SEVILLA,MADRID,2019-04-25T08:35:00Z,2019-04-25T15:26:00Z,LD-MD,34.35,Turista con enlace,Promo +
2019-04-13T04:02:54Z,MADRID,BARCELONA,2019-04-22T17:30:00Z,2019-04-22T20:40:00Z,AVE,NA,Turista,Flexible
2019-04-22T23:31:35Z,SEVILLA,MADRID,2019-04-23T06:10:00Z,2019-04-23T08:58:00Z,AV City,NA,Turista,Flexible
2019-04-17T22:46:59Z,MADRID,SEVILLA,2019-04-18T18:00:00Z,2019-04-18T20:32:00Z,AVE,101.5,Preferente,Promo
2019-04-23T07:03:08Z,SEVILLA,MADRID,2019-04-27T10:45:00Z,2019-04-27T13:17:00Z,AVE,76.3,Turista,Flexible
2019-04-13T05:27:32Z,SEVILLA,MADRID,2019-04-30T20:36:00Z,2019-04-30T23:14:00Z,ALVIA,NA,Turista,Flexible
2019-04-17T00:04:57Z,BARCELONA,MADRID,2019-04-19T20:00:00Z,2019-04-19T23:10:00Z,AVE,85.1,Turista,Promo
2019-04-16T21:41:52Z,MADRID,VALENCIA,2019-04-22T20:40:00Z,2019-04-22T22:24:00Z,AVE,66.55,Preferente,Promo
2019-04-19T22:36:58Z,MADRID,BARCELONA,2019-04-28T08:30:00Z,2019-04-28T11:15:00Z,AVE,58.15,Turista,Promo
2019-04-26T05:11:05Z,VALENCIA,MADRID,2019-04-27T20:15:00Z,2019-04-27T21:55:00Z,AVE,43.75,Preferente,Promo
2019-04-18T04:28:47Z,VALENCIA,MADRID,2019-04-22T06:38:00Z,2019-04-22T14:20:00Z,REGIONAL,28.35,Turista,Adulto ida
2019-04-18T08:15:34Z,BARCELONA,MADRID,2019-04-26T08:00:00Z,2019-04-26T11:10:00Z,AVE,75.4,Turista,Promo
2019-04-18T03:49:25Z,MADRID,VALENCIA,2019-04-21T18:40:00Z,2019-04-21T20:20:00Z,AVE,66.55,Preferente,Promo
2019-04-13T01:14:59Z,MADRID,SEVILLA,2019-04-20T13:10:00Z,2019-04-20T20:51:00Z,MD-LD,NA,Turista con enlace,Promo +
2019-04-12T14:00:50Z,MADRID,BARCELONA,2019-04-13T16:30:00Z,2019-04-13T19:15:00Z,AVE,NA,Turista,Flexible
2019-04-14T13:15:40Z,MADRID,VALENCIA,2019-04-18T09:40:00Z,2019-04-18T11:24:00Z,AVE,73.1,Turista,Flexible
2019-04-18T07:23:40Z,MADRID,BARCELONA,2019-04-22T19:00:00Z,2019-04-22T21:30:00Z,AVE,214.2,Preferente,Flexible
2019-04-14T13:16:57Z,MADRID,VALENCIA,2019-04-26T15:30:00Z,2019-04-26T22:31:00Z,AVE-MD,NA,Preferente,Promo
2019-04-21T01:22:11Z,VALENCIA,MADRID,2019-04-25T12:40:00Z,2019-04-25T14:20:00Z,AVE,45.3,Turista,Promo
2019-04-15T02:27:53Z,VALENCIA,MADRID,2019-04-23T15:10:00Z,2019-04-23T17:03:00Z,AVE,66.55,Preferente,Promo
2019-04-25T07:25:55Z,VALENCIA,MADRID,2019-04-25T20:15:00Z,2019-04-25T21:55:00Z,AVE,57.75,Turista,Promo
2019-04-26T01:34:53Z,MADRID,SEVILLA,2019-04-25T11:05:00Z,2019-04-25T13:41:00Z,ALVIA,87.4,Preferente,Flexible
2019-04-14T20:06:00Z,BARCELONA,MADRID,2019-04-16T09:03:00Z,2019-04-16T18:07:00Z,R. EXPRES,43.25,Turista,Adulto ida
2019-04-24T12:37:13Z,PONFERRADA,MADRID,2019-04-30T13:44:00Z,2019-04-30T19:21:00Z,LD,47,Turista con enlace,Flexible
2019-04-15T17:12:55Z,BARCELONA,MADRID,2019-04-18T16:25:00Z,2019-04-18T18:55:00Z,AVE,120.5,Turista Plus,Promo
2019-04-24T09:09:29Z,SEVILLA,MADRID,2019-04-25T08:35:00Z,2019-04-25T15:26:00Z,LD-MD,34.35,Turista con enlace,Promo +
2019-04-13T04:02:21Z,MADRID,BARCELONA,2019-04-18T11:30:00Z,2019-04-18T14:40:00Z,AVE,NA,Turista Plus,Promo
2019-04-17T15:38:10Z,MADRID,SEVILLA,2019-04-29T19:00:00Z,2019-04-29T21:38:00Z,AVE,69.4,Preferente,Promo
2019-04-14T18:32:46Z,MADRID,PONFERRADA,2019-04-17T17:30:00Z,2019-04-17T21:33:00Z,ALVIA,NA,NA,NA
2019-04-22T13:23:17Z,SEVILLA,MADRID,2019-04-25T20:15:00Z,2019-04-25T22:36:00Z,AVE,53.4,Turista,Promo
2019-04-19T15:21:18Z,MADRID,PONFERRADA,2019-04-27T14:40:00Z,2019-04-27T18:33:00Z,LD-MD,54.1,Turista con enlace,Flexible
2019-04-21T05:40:59Z,BARCELONA,MADRID,2019-04-26T09:03:00Z,2019-04-26T18:07:00Z,R. EXPRES,43.25,Turista,Adulto ida
2019-04-22T07:19:04Z,MADRID,SEVILLA,2019-04-24T18:00:00Z,2019-04-24T20:32:00Z,AVE,76.3,Turista,Flexible
2019-04-28T11:00:27Z,MADRID,VALENCIA,2019-04-29T15:40:00Z,2019-04-29T17:22:00Z,AVE,66.55,Preferente,Promo
2019-04-15T13:30:36Z,SEVILLA,MADRID,2019-04-17T14:45:00Z,2019-04-17T17:15:00Z,AVE,76.3,Turista,Flexible
2019-04-16T21:47:12Z,MADRID,VALENCIA,2019-04-17T18:40:00Z,2019-04-17T20:20:00Z,AVE,NA,Turista,Flexible
2019-04-26T09:40:44Z,SEVILLA,MADRID,2019-04-27T19:45:00Z,2019-04-27T22:17:00Z,AVE,69.35,Preferente,Promo
2019-04-15T08:37:33Z,MADRID,PONFERRADA,2019-04-17T22:14:00Z,2019-04-18T04:31:00Z,TRENHOTEL,NA,NA,NA
2019-04-23T02:22:21Z,PONFERRADA,MADRID,2019-04-24T17:55:00Z,2019-04-24T22:55:00Z,MD-LD,40.6,Turista con enlace,Promo +
2019-04-19T14:31:06Z,BARCELONA,MADRID,2019-04-25T17:25:00Z,2019-04-25T19:55:00Z,AVE,68.65,Turista,Promo
2019-04-23T21:46:10Z,BARCELONA,MADRID,2019-04-30T19:25:00Z,2019-04-30T21:55:00Z,AVE,68.65,Turista,Promo
2019-04-23T02:11:21Z,SEVILLA,MADRID,2019-04-30T21:00:00Z,2019-04-30T23:52:00Z,AV City,43.55,Turista,Promo
2019-04-16T10:30:01Z,MADRID,BARCELONA,2019-04-24T20:00:00Z,2019-04-24T22:30:00Z,AVE,100.4,Turista,Promo
2019-04-18T07:01:10Z,BARCELONA,MADRID,2019-04-21T13:25:00Z,2019-04-21T16:10:00Z,AVE,NA,Preferente,Flexible
2019-04-16T19:23:39Z,MADRID,VALENCIA,2019-04-24T06:45:00Z,2019-04-24T08:38:00Z,AVE,27.8,Turista,Promo
2019-04-14T15:26:07Z,MADRID,VALENCIA,2019-04-17T09:10:00Z,2019-04-17T10:58:00Z,AVE,57.75,Turista,Promo
2019-04-24T15:00:31Z,BARCELONA,MADRID,2019-04-29T12:00:00Z,2019-04-29T15:10:00Z,AVE,98,Preferente,Promo
2019-04-14T19:19:40Z,VALENCIA,MADRID,2019-04-23T09:50:00Z,2019-04-23T17:28:00Z,REGIONAL,28.35,Turista,Adulto ida
2019-04-14T18:15:47Z,MADRID,VALENCIA,2019-04-25T21:10:00Z,2019-04-25T23:03:00Z,AVE,51.15,Turista,Promo
2019-04-14T22:14:55Z,MADRID,SEVILLA,2019-04-15T20:35:00Z,2019-04-15T23:15:00Z,AVE,60.3,Turista,Promo
2019-04-15T11:27:29Z,SEVILLA,MADRID,2019-04-23T07:15:00Z,2019-04-23T09:55:00Z,AVE,76.3,Turista,Flexible
2019-04-18T00:28:13Z,MADRID,VALENCIA,2019-04-22T10:40:00Z,2019-04-22T12:20:00Z,AVE,57.75,Turista,Promo
2019-04-16T21:41:03Z,PONFERRADA,MADRID,2019-04-29T17:55:00Z,2019-04-29T22:55:00Z,MD-LD,32.45,Turista con enlace,Promo
2019-04-15T16:03:16Z,MADRID,BARCELONA,2019-04-29T07:30:00Z,2019-04-29T10:40:00Z,AVE,85.1,Turista,Promo
2019-04-15T01:16:33Z,MADRID,BARCELONA,2019-04-22T20:00:00Z,2019-04-22T22:30:00Z,AVE,127.1,Turista,Flexible
2019-04-20T22:28:40Z,MADRID,SEVILLA,2019-04-26T18:00:00Z,2019-04-26T20:32:00Z,AVE,76.3,Turista,Flexible
2019-04-26T01:43:09Z,MADRID,BARCELONA,2019-04-29T07:30:00Z,2019-04-29T10:40:00Z,AVE,107.7,Turista,Flexible
2019-04-12T04:16:39Z,MADRID,VALENCIA,2019-04-18T16:30:00Z,2019-04-18T22:47:00Z,REGIONAL,28.35,Turista,Adulto ida
2019-04-13T13:02:54Z,MADRID,BARCELONA,2019-04-24T16:00:00Z,2019-04-24T18:30:00Z,AVE,78.8,Turista,Promo
2019-04-13T03:24:07Z,SEVILLA,MADRID,2019-04-29T11:45:00Z,2019-04-29T14:17:00Z,AVE,NA,Turista,Promo
2019-04-14T19:15:39Z,SEVILLA,MADRID,2019-04-26T09:50:00Z,2019-04-26T12:36:00Z,ALVIA,NA,Turista,Flexible
2019-04-17T02:17:39Z,MADRID,VALENCIA,2019-04-17T17:40:00Z,2019-04-17T19:20:00Z,AVE,NA,Turista,Flexible
2019-04-16T23:31:41Z,MADRID,SEVILLA,2019-04-30T16:30:00Z,2019-04-30T18:51:00Z,AVE,76.3,Turista,Flexible
2019-04-14T04:44:17Z,MADRID,SEVILLA,2019-04-22T20:35:00Z,2019-04-22T23:15:00Z,AVE,47.3,Turista,Promo
2019-04-14T17:29:45Z,VALENCIA,MADRID,2019-04-15T09:40:00Z,2019-04-15T11:20:00Z,AVE,57.75,Turista,Promo
2019-04-15T17:15:39Z,BARCELONA,MADRID,2019-04-23T15:00:00Z,2019-04-23T17:45:00Z,AVE,102.15,Turista Plus,Promo
2019-04-25T05:14:47Z,SEVILLA,MADRID,2019-04-28T08:45:00Z,2019-04-28T20:16:00Z,MD,52.5,Turista con enlace,Flexible
2019-04-15T17:11:17Z,BARCELONA,MADRID,2019-04-26T20:00:00Z,2019-04-26T23:10:00Z,AVE,75.4,Turista,Promo
2019-04-15T04:27:13Z,MADRID,VALENCIA,2019-04-17T17:48:00Z,2019-04-17T21:58:00Z,INTERCITY,NA,Turista,Flexible
2019-04-19T16:26:38Z,BARCELONA,MADRID,2019-04-24T12:50:00Z,2019-04-24T15:45:00Z,AVE-TGV,102.15,Turista Plus,Promo
2019-04-23T05:09:30Z,MADRID,PONFERRADA,2019-04-24T17:30:00Z,2019-04-24T21:33:00Z,ALVIA,55.8,Turista,Flexible
2019-04-23T04:23:42Z,SEVILLA,MADRID,2019-04-29T14:58:00Z,2019-04-29T17:50:00Z,ALVIA,67.2,Turista,Flexible
2019-04-20T18:43:10Z,MADRID,PONFERRADA,2019-04-30T14:40:00Z,2019-04-30T18:33:00Z,AVE-MD,59.6,Turista con enlace,Flexible
2019-04-16T03:26:27Z,SEVILLA,MADRID,2019-04-16T10:45:00Z,2019-04-16T13:17:00Z,AVE,60.3,Turista,Promo
2019-04-21T13:25:54Z,SEVILLA,MADRID,2019-04-29T16:45:00Z,2019-04-29T19:17:00Z,AVE,53.4,Turista,Promo
2019-04-12T07:17:41Z,MADRID,SEVILLA,2019-04-24T18:00:00Z,2019-04-24T20:32:00Z,AVE,60.3,Turista,Promo
2019-04-21T11:30:36Z,SEVILLA,MADRID,2019-04-30T06:10:00Z,2019-04-30T08:58:00Z,AV City,43.55,Turista,Promo
2019-04-12T16:25:20Z,MADRID,SEVILLA,2019-04-22T14:00:00Z,2019-04-22T16:32:00Z,AVE,NA,Turista,Promo
2019-04-17T04:11:06Z,MADRID,BARCELONA,2019-04-26T14:00:00Z,2019-04-26T16:30:00Z,AVE,70.15,Turista Plus,Promo
2019-04-17T00:35:57Z,MADRID,VALENCIA,2019-04-30T21:10:00Z,2019-04-30T23:03:00Z,AVE,66.55,Preferente,Promo
2019-04-20T06:22:40Z,VALENCIA,MADRID,2019-04-25T07:10:00Z,2019-04-25T08:51:00Z,AVE,57.75,Turista,Promo
2019-04-14T18:18:33Z,SEVILLA,MADRID,2019-04-15T07:40:00Z,2019-04-15T10:05:00Z,AVE,76.3,Turista,Flexible
2019-04-18T14:19:50Z,SEVILLA,MADRID,2019-04-19T08:35:00Z,2019-04-19T15:26:00Z,LD-MD,45.8,Turista con enlace,Flexible
2019-04-25T09:02:02Z,MADRID,VALENCIA,2019-04-29T14:10:00Z,2019-04-29T16:03:00Z,AVE,57.75,Turista,Promo
2019-04-18T13:35:51Z,PONFERRADA,MADRID,2019-04-22T06:11:00Z,2019-04-22T10:15:00Z,ALVIA,NA,NA,NA
2019-04-28T03:45:47Z,SEVILLA,MADRID,2019-04-28T19:45:00Z,2019-04-28T22:17:00Z,AVE,76.3,Turista,Flexible
2019-04-22T02:10:50Z,MADRID,BARCELONA,2019-04-26T11:30:00Z,2019-04-26T14:40:00Z,AVE,107.7,Turista,Flexible
2019-04-16T22:38:52Z,MADRID,SEVILLA,2019-04-18T10:00:00Z,2019-04-18T12:32:00Z,AVE,76.3,Turista,Flexible
2019-04-12T23:21:27Z,MADRID,SEVILLA,2019-04-29T09:00:00Z,2019-04-29T11:38:00Z,AVE,NA,Turista,Flexible
2019-04-13T21:09:50Z,SEVILLA,MADRID,2019-04-26T15:45:00Z,2019-04-26T18:15:00Z,AVE,76.3,Turista,Flexible
2019-04-21T22:29:11Z,MADRID,SEVILLA,2019-04-26T15:00:00Z,2019-04-26T17:21:00Z,AVE,NA,Turista,Flexible
2019-04-15T03:15:01Z,SEVILLA,MADRID,2019-04-27T19:45:00Z,2019-04-27T22:17:00Z,AVE,61.45,Preferente,Promo
2019-04-12T00:12:54Z,MADRID,BARCELONA,2019-04-19T19:30:00Z,2019-04-19T22:40:00Z,AVE,85.1,Turista,Promo
2019-04-16T03:26:03Z,SEVILLA,MADRID,2019-04-30T14:58:00Z,2019-04-30T17:50:00Z,ALVIA,61.2,Preferente,Promo
2019-04-12T10:08:22Z,MADRID,BARCELONA,2019-04-26T08:00:00Z,2019-04-26T10:30:00Z,AVE,78.8,Turista,Promo
2019-04-19T17:10:51Z,MADRID,SEVILLA,2019-04-20T17:00:00Z,2019-04-20T19:38:00Z,AVE,76.3,Turista,Flexible
2019-04-22T23:00:58Z,MADRID,BARCELONA,2019-04-25T20:00:00Z,2019-04-25T22:30:00Z,AVE,115.65,Preferente,Promo
2019-04-15T11:27:29Z,SEVILLA,MADRID,2019-04-24T14:45:00Z,2019-04-24T17:15:00Z,AVE,69.4,Preferente,Promo
2019-04-15T07:05:06Z,MADRID,SEVILLA,2019-04-22T20:35:00Z,2019-04-22T23:15:00Z,AVE,47.3,Turista,Promo
2019-04-14T07:27:43Z,MADRID,BARCELONA,2019-04-17T17:00:00Z,2019-04-17T19:30:00Z,AVE,115.65,Preferente,Promo
2019-04-22T08:10:23Z,SEVILLA,MADRID,2019-04-28T10:45:00Z,2019-04-28T13:17:00Z,AVE,89.95,Preferente,Promo
2019-04-15T01:05:24Z,VALENCIA,MADRID,2019-04-30T17:30:00Z,2019-04-30T23:58:00Z,MD-LD,32.4,Turista con enlace,Promo +
2019-04-28T01:33:18Z,SEVILLA,MADRID,2019-04-27T19:19:00Z,2019-04-27T21:59:00Z,INTERCITY,NA,Turista,Flexible
2019-04-16T22:32:19Z,SEVILLA,MADRID,2019-04-18T17:45:00Z,2019-04-18T20:17:00Z,AVE,53.4,Turista,Promo
2019-04-15T21:07:08Z,SEVILLA,MADRID,2019-04-20T14:58:00Z,2019-04-20T17:50:00Z,ALVIA,NA,Turista,Flexible
2019-04-17T19:36:59Z,MADRID,VALENCIA,2019-04-23T06:45:00Z,2019-04-23T08:38:00Z,AVE,39.45,Turista,Promo
2019-04-15T17:02:30Z,MADRID,VALENCIA,2019-04-17T14:10:00Z,2019-04-17T16:03:00Z,AVE,NA,Turista,Flexible
2019-04-20T12:11:46Z,MADRID,SEVILLA,2019-04-22T15:00:00Z,2019-04-22T17:21:00Z,AVE,76.3,Turista,Flexible
2019-04-17T07:33:44Z,VALENCIA,MADRID,2019-04-29T15:10:00Z,2019-04-29T17:03:00Z,AVE,39.45,Turista,Promo
2019-04-14T10:19:04Z,SEVILLA,MADRID,2019-04-20T21:00:00Z,2019-04-20T23:52:00Z,AV City,NA,NA,NA
2019-04-22T02:40:17Z,MADRID,VALENCIA,2019-04-28T08:40:00Z,2019-04-28T10:33:00Z,AVE,39.45,Turista,Promo
2019-04-14T03:54:56Z,MADRID,SEVILLA,2019-04-15T07:00:00Z,2019-04-15T09:32:00Z,AVE,76.3,Turista,Flexible
2019-04-18T01:14:15Z,BARCELONA,MADRID,2019-04-21T19:00:00Z,2019-04-21T22:00:00Z,AVE,NA,Preferente,Promo
2019-04-14T05:01:58Z,MADRID,VALENCIA,2019-04-28T15:40:00Z,2019-04-28T17:22:00Z,AVE,51.15,Turista,Promo
2019-04-12T20:11:59Z,MADRID,SEVILLA,2019-04-18T08:30:00Z,2019-04-18T11:14:00Z,ALVIA,NA,Turista,Flexible
2019-04-14T00:30:22Z,MADRID,VALENCIA,2019-04-22T17:48:00Z,2019-04-22T21:58:00Z,INTERCITY,42.9,Turista,Flexible
2019-04-23T03:44:42Z,MADRID,BARCELONA,2019-04-25T07:00:00Z,2019-04-25T09:30:00Z,AVE,132.8,Preferente,Promo
2019-04-15T02:26:49Z,VALENCIA,MADRID,2019-04-15T20:15:00Z,2019-04-15T21:55:00Z,AVE,39.45,Turista,Promo
2019-04-26T23:04:21Z,VALENCIA,MADRID,2019-04-29T19:10:00Z,2019-04-29T20:50:00Z,AVE,39.45,Turista,Promo
2019-04-23T16:12:31Z,BARCELONA,MADRID,2019-04-24T19:25:00Z,2019-04-24T21:55:00Z,AVE,98.55,Preferente,Promo
2019-04-23T06:32:35Z,SEVILLA,MADRID,2019-04-26T21:00:00Z,2019-04-26T23:52:00Z,AV City,49.15,Turista,Promo
2019-04-14T04:38:09Z,MADRID,BARCELONA,2019-04-18T14:30:00Z,2019-04-18T17:21:00Z,AVE,107.7,Turista,Flexible
2019-04-29T01:40:03Z,BARCELONA,MADRID,2019-04-29T16:00:00Z,2019-04-29T19:10:00Z,AVE,107.7,Turista,Flexible
2019-04-22T02:08:43Z,MADRID,BARCELONA,2019-04-28T17:30:00Z,2019-04-28T20:40:00Z,AVE,112.55,Preferente,Promo
2019-04-16T02:04:49Z,BARCELONA,MADRID,2019-04-16T08:00:00Z,2019-04-16T11:10:00Z,AVE,NA,Preferente,Flexible
2019-04-19T13:27:08Z,MADRID,VALENCIA,2019-04-27T11:55:00Z,2019-04-27T13:35:00Z,AVE,58.95,Preferente,Promo
2019-04-22T15:20:06Z,VALENCIA,MADRID,2019-04-23T16:15:00Z,2019-04-23T17:55:00Z,AVE,66.55,Preferente,Promo
2019-04-12T16:16:47Z,MADRID,VALENCIA,2019-04-25T06:45:00Z,2019-04-25T08:38:00Z,AVE,NA,Turista,Promo
2019-04-15T12:41:11Z,MADRID,SEVILLA,2019-04-20T07:00:00Z,2019-04-20T09:55:00Z,AV City,49.15,Turista,Promo
2019-04-12T18:15:42Z,MADRID,VALENCIA,2019-04-16T11:10:00Z,2019-04-16T13:25:00Z,INTERCITY,NA,Turista,Promo
2019-04-24T06:06:15Z,MADRID,SEVILLA,2019-04-24T11:00:00Z,2019-04-24T13:32:00Z,AVE,60.3,Turista,Promo
2019-04-12T16:06:39Z,SEVILLA,MADRID,2019-04-18T08:45:00Z,2019-04-18T20:16:00Z,MD,NA,Turista con enlace,Flexible
2019-04-17T09:15:54Z,MADRID,BARCELONA,2019-04-18T12:30:00Z,2019-04-18T15:30:00Z,AVE,107.7,Turista,Flexible
2019-04-13T04:26:19Z,SEVILLA,MADRID,2019-04-30T08:35:00Z,2019-04-30T15:26:00Z,LD-MD,NA,Turista con enlace,Promo +
2019-04-21T04:32:40Z,MADRID,SEVILLA,2019-04-30T13:10:00Z,2019-04-30T20:51:00Z,MD-LD,34.35,Turista con enlace,Promo +
2019-04-23T20:25:36Z,MADRID,SEVILLA,2019-04-26T06:20:00Z,2019-04-26T09:16:00Z,AV City,49.15,Turista,Promo
2019-04-28T00:07:47Z,MADRID,BARCELONA,2019-04-29T06:30:00Z,2019-04-29T09:20:00Z,AVE,85.1,Turista,Promo
2019-04-15T06:32:55Z,MADRID,VALENCIA,2019-04-26T16:45:00Z,2019-04-26T18:50:00Z,ALVIA,NA,Turista,Flexible
2019-04-12T13:13:27Z,MADRID,SEVILLA,2019-04-29T07:00:00Z,2019-04-29T09:32:00Z,AVE,NA,Preferente,Promo
2019-04-22T04:35:28Z,MADRID,VALENCIA,2019-04-28T17:10:00Z,2019-04-28T18:54:00Z,AVE,73.1,Turista,Flexible
2019-04-18T20:47:02Z,BARCELONA,MADRID,2019-04-25T16:00:00Z,2019-04-25T19:10:00Z,AVE,107.7,Turista,Flexible
2019-04-15T10:52:44Z,MADRID,BARCELONA,2019-04-22T07:30:00Z,2019-04-22T10:40:00Z,AVE,85.1,Turista,Promo
2019-04-22T14:45:53Z,MADRID,BARCELONA,2019-04-23T06:30:00Z,2019-04-23T09:20:00Z,AVE,107.7,Turista,Flexible
2019-04-14T20:20:32Z,SEVILLA,MADRID,2019-04-20T14:58:00Z,2019-04-20T17:50:00Z,ALVIA,NA,Turista,Flexible
2019-04-15T11:19:03Z,BARCELONA,MADRID,2019-04-25T14:00:00Z,2019-04-25T17:10:00Z,AVE,85.1,Turista,Promo
2019-04-19T20:05:29Z,BARCELONA,MADRID,2019-04-21T21:25:00Z,2019-04-21T23:55:00Z,AVE,181.5,Preferente,Flexible
2019-04-20T01:39:33Z,PONFERRADA,MADRID,2019-04-24T11:44:00Z,2019-04-24T16:00:00Z,MD-LD,54.1,Turista con enlace,Flexible
2019-04-20T11:03:24Z,MADRID,SEVILLA,2019-04-20T13:30:00Z,2019-04-20T16:05:00Z,ALVIA,NA,Turista,Promo
2019-04-18T20:14:35Z,BARCELONA,MADRID,2019-04-22T16:00:00Z,2019-04-22T19:10:00Z,AVE,181.5,Preferente,Flexible
2019-04-12T02:17:04Z,MADRID,BARCELONA,2019-04-30T11:30:00Z,2019-04-30T14:40:00Z,AVE,85.1,Turista,Promo
2019-04-14T00:31:10Z,MADRID,VALENCIA,2019-04-17T06:08:00Z,2019-04-17T12:55:00Z,REGIONAL,28.35,Turista,Adulto ida
2019-04-18T22:26:16Z,VALENCIA,MADRID,2019-04-28T20:15:00Z,2019-04-28T21:55:00Z,AVE,51.15,Turista,Promo
2019-04-14T13:01:50Z,MADRID,BARCELONA,2019-04-28T13:25:00Z,2019-04-28T16:24:00Z,AVE-TGV,112.55,Preferente,Promo
2019-04-18T08:00:27Z,VALENCIA,MADRID,2019-04-25T06:30:00Z,2019-04-25T08:22:00Z,AVE,66.55,Preferente,Promo
2019-04-18T06:35:11Z,MADRID,SEVILLA,2019-04-28T20:00:00Z,2019-04-28T22:21:00Z,AVE,64.05,Turista Plus,Promo
2019-04-14T12:27:49Z,BARCELONA,MADRID,2019-04-26T06:25:00Z,2019-04-26T08:55:00Z,AVE,78.8,Turista,Promo
2019-04-23T15:11:23Z,SEVILLA,MADRID,2019-04-30T14:58:00Z,2019-04-30T17:50:00Z,ALVIA,NA,Turista,Flexible
2019-04-12T11:14:56Z,MADRID,BARCELONA,2019-04-29T10:30:00Z,2019-04-29T13:15:00Z,AVE,NA,Turista,Promo
2019-04-21T16:19:59Z,VALENCIA,MADRID,2019-04-24T20:15:00Z,2019-04-24T21:55:00Z,AVE,39.45,Turista,Promo
2019-04-14T20:04:09Z,MADRID,SEVILLA,2019-04-16T15:00:00Z,2019-04-16T17:21:00Z,AVE,76.3,Turista,Flexible
2019-04-14T04:01:58Z,MADRID,BARCELONA,2019-04-24T08:30:00Z,2019-04-24T11:15:00Z,AVE,85.1,Turista,Promo
2019-04-25T01:06:14Z,MADRID,SEVILLA,2019-04-26T13:30:00Z,2019-04-26T16:05:00Z,ALVIA,87.4,Preferente,Flexible
